<server description="new server">

    <!-- Enable features -->
    <featureManager>
        <feature>webProfile-8.0</feature>
        <feature>localConnector-1.0</feature>
    </featureManager>

    <!-- To access this server from a remote client add a host attribute to the following element, e.g. host="*" -->
    <httpEndpoint httpPort="9080" httpsPort="9443" id="defaultHttpEndpoint"/>
                  
    <!-- Automatically expand WAR files and EAR files -->
    <applicationManager autoExpand="true"/>


    <applicationMonitor updateTrigger="mbean"/>

    <enterpriseApplication id="hello-worldEAR" location="hello-worldEAR.ear" name="hello-worldEAR"/>
</server>